barkod;eski_ad;yeni_ad
NBB116;Zirkon Taşlı Yıldız Figürlü Gold Çelik Bileklik;Yıldız Bileklik
NBY028;Aurelia Silver Kaplama Minimal Kadın Yüzük Ayarlanabilir Zarif Tasarım;Aurelia Minimal Yüzük — Silver
NBK142;Erkek Çelik Kolye 60 cm;Erkek Kolye
NBK165-7;Balon Gümüş Renk Çelik Harf Kolye;Balon Harf Kolye — Silver
NBKP092-1;Oval Vintage Tasarım Kadın Küpe;Oval Vintage Küpe
NBK137;Erkek Çelik Büyük Kolye 60 cm;Erkek Büyük Kolye
NBB111;Romantik Ay & Yıldız Figürlü Taş Detaylı Zarif Bileklik;Romantik Ay & Yıldız Bileklik
NBKP005;Çelik Halka Küpe Gold Büyük;Büyük Halka Küpe
NBK022;Çelik Kolye Gold 45cm;Kolye 45 cm — Gold
NBY012;Gümüş Renk Pembe Zirkon Taş Kalp Charm Model Yüzük;Kalp Charm Yüzük
NBKP018;Çelik Tragus Küpe Silver;Tragus Küpe
NBKP042;Pirinç Gold Renk Zirkon Taşlı Kare Zincir Model Kıkırdak Küpe;Kare Zincir Küpe
NBK141;Erkek Çelik Kolye 60 cm;Erkek Kolye
NBKP051;316L Çelik Gold Renk Zirkon Taşlı Kelebek Figürlü Küpe Seti;Kelebek Küpe Set
NBKP016;Çelik Tragus Küpe Silver;Tragus Küpe
NBK139;Erkek Çelik Kolye 60 cm;Erkek Kolye
NBK086;Zirkon Taşlı Kolye Silver 45 cm;Kolye 45 cm — Silver
NBY007;Gold Renk Manifest Figürlü Yüzük;Manifest Yüzük
NBK116;Çelik Kırmızı Dört Yaprak Figürlü Kolye Gold;Dört Yaprak Kolye
NBB073-1;Yeşil Krem Renk Detaylı Mineli Kelepçe;Yeşil Krem Kelepçe
NBK075;316L Çelik Zirkon Taşlı Güneş Ve Ay Model Gold Renk Kolye;Güneş Ay Kolye — Gold
NBK112;Çelik Beyaz Dört Yaprak Figürlü Kolye Silver;Dört Yaprak Kolye
NBB031;Erkek Çelik Bileklik 19 cm;Erkek Bileklik
NBKP004;Çelik Halka Küpe Gold Küçük;Küçük Halka Küpe — Gold
NBK164-13;Balon Gold Renk Çelik Harf Kolye;Balon Harf Kolye — Gold
NBB088;Çelik Arpa Model Bileklik Gold;Arpa Bileklik
NBB036;Erkek Çelik Bileklik 19 cm;Erkek Bileklik
NBKP045;Gold Renk İşlemeli Damla Küpe;Damla Küpe
NBK037;Erkek Çelik Kolye Silver 60cm;Erkek Kolye
NBK034;Erkek Çelik Kolye Silver 60cm;Erkek Kolye
NBB027;Erkek Çelik Bileklik 19 cm;Erkek Bileklik
NBK050;316L Çelik Gold Renk Zincir Mavi Mineli Çiçek İşlemeli Zirkon Taşlı Kelebek Detay Portre Model Kolye;Zincir Çiçek Kolye
NBK104;Zirkon Taşlı Kolye Gold 45 cm;Kolye 45 cm — Gold
NBK057;316L Çelik Gold Renk Zincir Mineli Oval İncili Çiçek İşlemeli Portre Model Kolye;Zincir Çiçek Kolye
NBKP003;Çelik Halka Küpe Silver Küçük;Küçük Halka Küpe — Silver
NBK164-1;Balon Gold Renk Harf Çelik Kolye;Balon Harf Kolye — Gold
NBKP043;Gold Renk Asimetrik Kıvrım Küpe;Asimetrik Kıvrım Küpe
NBB080;Çelik İnce İtalyan Model Bileklik Gold;İnce İtalyan Bileklik
NBB076;VIP Kaplama Şahmeran Gold;VIP Şahmeran
NBKP019;Çiçek Model Gold Renk Küpe;Çiçek Küpe
nbkp092;316L Çelik Beyaz Renk 3 Boy Yonca Figürlü Küpe Seti;Yonca Küpe Set
NBK087;Çelik İtalyan Kolye Gold 45cm;İtalyan Kolye
NBK048;316L Çelik Gold Renk Tifany Zincir Model Kilit Figür Sallantı İnci Detay Kolye;Tifany Zincir Kolye
NBK109;Çelik Arpa Kolye Gold 55cm;Arpa Kolye
NBY006;Yaprak Figürlü Zirkon Taşlı Gold Renk Ayarlanabilir Yüzük;Yaprak Yüzük
NBB112;Romantik Ay & Yıldız Figürlü Taş Detaylı Zarif Bileklik;Romantik Ay & Yıldız Bileklik
NBKP080;Şık Üçlü Form Gold Renk Kadın Küpe;Üçlü Küpe
NBB040;Erkek Çelik Bileklik 19 cm;Erkek Bileklik
NBB094;Yıldız Figürlü Taş Detaylı Charm Tasarımlı Bileklik;Yıldız Charm Bileklik
NBB019;Çelik Bileklik Gold;Bileklik — Gold
NBKP032;Gold Renk Kelebek Figürlü 925 Ayar Gümüş Çivi Küpe Seti;Kelebek Çivi Set
NBKP074;VIP Kaplama Küpe;VIP Küpe
NBK164--4;Balon Gold Renk Çelik Harf Kolye;Balon Harf Kolye — Gold
NBB082;VIP Kaplama Şahmeran Gold;VIP Şahmeran
NBK164-5;Balon Gold Renk Çelik Harf Kolye;Balon Harf Kolye — Gold
NBB077;VIP Kaplama Şahmeran Gold;VIP Şahmeran
NBKP054;Gümüş Renk Vintage Büyük Küpe;Büyük Vintage Küpe — Silver
NBK165-13;316L Çelik Balon Gümüş Renk Harf Kolye;Balon Harf Kolye — Silver
NBKP002;Çelik Üçlü Küpe Gold;Üçlü Küpe
NBB075;VIP Kaplama Şahmeran Gold;VIP Şahmeran
NBH005;Deniz yıldızı Figürlü Boncuklu Yazlık Halhal;Deniz Yıldızı Boncuklu Halhal
NBK013;Çelik Tarot Kolye 45cm;Tarot Kolye
NBK167-8;Kalp Detaylı Gümüş Renk Çelik Harf Kolye;Kalp Harf Kolye — Silver
NBB002;Çelik Bileklik Gold 65mm;Bileklik 65 mm
NBB078;Çelik İtalyan Model Bileklik;İtalyan Bileklik
NBY016;Gold Renk Zirkon Taşlı Kalp Model Ayarlanbilir Yüzük;Kalp Ayarlanbilir Yüzük
NBK046;316L Çelik Zincir Gold Renk Atatürk İmzası Model Kolye;Zincir Atatürk Kolye
NBB015;Çelik Bileklik Gold;Bileklik — Gold
NBK015;Çelik Kolye Gold;Kolye — Gold
NBK198;Doğal Deniz Kabuğu Boncuklu Gold Renk Kadın Kolye;Doğal Deniz Kabuğu Kolye
NBKP106;Zarif Çiçek Figürlü Gold Renk Çelik Küpe;Çiçek Küpe
NBKP068;Gold Renk Bombe Kalp Model Küpe;Bombe Kalp Küpe
NBK076;Zirkon Taşlı Açılabilir Kapaklı Kitap Model Gold Renk Kadın Çelik Kolye;Açılabilir Kapaklı Kolye
NBKP010;Çelik Üçlü Yuvarlak Küpe;Üçlü Yuvarlak Küpe
NBKP089;Çoklu Halka Detaylı Çelik Küpe;Çoklu Halka Küpe
NBK082;2'Li İnci Zincir Nazar Boncuklu Pembe Taşlı Çelik Kalp Kolye;Li İnci Kolye
NBB059;316L Çelik Zincir Model Gold Renk Bileklik;Zincir Bileklik
NBK042;Külçe Çelik Kolye Gold 45 cm;Külçe Kolye
NBK077;Zirkon Taşlı 7 Element Figürlü Y Kolye;Element Y Kolye
NBB133;Yaz Esintisi Deniz Temalı Charm Tasarımlı Bileklik;Yaz Esintisi Bileklik
NBKP104;Yengeç Figürlü Deniz Kabuğu Detaylı Sallantılı Küpe;Yengeç Deniz Kabuğu Küpe
NBK014;Çelik Kolye Silver;Kolye — Silver
NBB056;316L Çelik Zincir Mor Mineli Sanatsal Portre İnci Detaylı Papatya Model Gold Renk Bileklik;Zincir Sanatsal Bileklik
NBB028;Erkek Çelik Bileklik 19 cm;Erkek Bileklik
NBK165-10;Balon Gümüş Renk Çelik Harf Kolye;Balon Harf Kolye — Silver
NBK064;316L Çelik Gold Renk Zirkon Taşlı Sallantı Fotoğraf Makinası Figür Charm Kolye;Fotoğraf Makinası Kolye
NBKP027-12;316L Çelik Gold Renk Harf Model Küpe;Harf Küpe
NBH009;Deniz Kabuğu Detaylı Boncuklu Yazlık Halhal;Deniz Kabuğu Boncuklu Halhal
NBKP0891;Çoklu Halka Detaylı Çelik Küpe;Çoklu Halka Küpe
NBB137;Ay Yıldız İnci Temalı Charm Tasarımlı Bileklik;Ay & Yıldız İnci Bileklik
NBK072;Gold Renk Zirkon Taşlı Güneş Ve Ay Figürlü Kadın Çelik Kolye;Güneş Ay Kolye — Gold
NBKP020;Yeşil Taş Detaylı Zirkon Taşlı Gold Renk Küpe;Yeşil Küpe
NBK012;Çelik Kolye Gold;Kolye — Gold
NBGP004;Zirkon Taşlı Kelebek Figürlü Çelik Göbek Piercing;Kelebek Göbek Piercing
NBK167-15;Kalp Detaylı Gümüş Renk Çelik Harf Kolye;Kalp Harf Kolye — Silver
NBGP018;Zirkon Taşlı Zarif Kelebek Tasarımlı Çelik Göbek Piercing;Kelebek Göbek Piercing
NBK166-8;Kalp Detaylı Gold Renk Çelik Harf Kolye;Kalp Harf Kolye — Gold
NBK066;316L Çelik Gold Renk Zirkon Taşlı Sallantı Melek Figür Charm Kolye;Melek Charm Kolye
NBKP024;Gold Renk Zincir Model Küpe;Zincir Küpe
NBB123;Deniz Yıldızı Figürlü Gold Renk Çelik Pazu Bileklik;Deniz Yıldızı Pazu Bileklik
NBK165-6;Balon Gümüş Renk Çelik Harf Kolye;Balon Harf Kolye — Silver
NBB013;Çelik İtalyan Charm Bileklik (Yazısız);İtalyan Charm Bileklik
NBK166-6;Kalp Detaylı Gold Renk Çelik Harf Kolye;Kalp Harf Kolye — Gold
NBGP011;Zirkon Taşlı Kalp Model Çelik Göbek Piercing;Kalp Göbek Piercing
NBKP063;316L Çelik Gold Renk İşlemeli Kalp Figürlü Küpe;Kalp Küpe
NBK165-9;Balon Gümüş Renk Çelik Harf Kolye;Balon Harf Kolye — Silver
NBKP027-5;316L Çelik Gold Renk Harf Model Küpe;Harf Küpe
NBKP034;Zirkon Taşlı 3’lü Arı ve Çiçek Figürlü Gold Renk Küpe;Lü Arı Küpe
NBK106;Ay Yıldız Figürlü Zirkon Taşlı Kolye Silver 45 cm;Ay & Yıldız Kolye — Silver
NBK103;Çelik Kolye Gold 45cm;Kolye 45 cm — Gold
NBB041;316L Çelik Nazar Boncuğu Ve Zirkon Taşlı Kalp Model Gold Renk Bileklik;Nazar Boncuğu Bileklik
NBB060;316L Çelik Gold Renk Karışık Renk Kristal Taşlı 2’li Bileklik;Karışık Kristal Bileklik
NBK038;Erkek Çelik Kolye Silver 60cm;Erkek Kolye
NBB017;Çelik Bileklik Silver;Bileklik — Silver
NBB025;Çelik Bileklik Silver Ayetel Kürsi Yazılı;Ayetel Kürsi Bileklik — Silver
NBH010;Yengeç Figürlü Deniz kabuğu Boncuklu Gold Renk Yazlık Kadın Halhal;Yengeç Deniz Kabuğu Halhal
NBB131;Deniz Yıldızı İnci Ve Balık Kılçığı Charm Detaylı Zirkon Taşlı Gümüş Renk Kadın Bileklik;Deniz Yıldızı İnci Bileklik
NBB007;Çelik Üçlü Ajda Bilezik 65mm;Üçlü Ajda Bilezik
NBGP016;Zirkon Taşlı Zarif Kelebek Model Sallantılı Çelik Göbek Piercing;Kelebek Sallantılı Piercing
NBK020;Çelik Tarot Kolye 45cm;Tarot Kolye
NBKP047;Gümüş Renk Kalın Küpe;Kalın Küpe
NBB022;Kırmızı Detaylı Çelik Charm Bileklik;Kırmızı Charm Bileklik
NBGP002;Zirkon Taşlı Yaprak Figürlü Çelik Göbek Piercing;Yaprak Göbek Piercing
NBKP023;316L Çelik Gold Renk Küpe Seti;Küpe Set
NBB129;Hilal Ve Ananas Charm Detaylı Zirkon Taşlı Kadın Bileklik;Hilal Ananas Bileklik
NBK039;Erkek Çelik Kolye Silver 60cm;Erkek Kolye
NBB067;Gold Renk Manifest Bileklik;Manifest Bileklik
NBKP060;Zirkon Taşlı Güneş Figürlü Gold Renk 3’lü Küpe Seti;Güneş Lü Set
NBY025-9;Vida Detaylı Taşlı Gold Renk Çelik Yüzük;Vida Yüzük
NBK166-14;Kalp Detaylı Gold Renk Çelik Harf Kolye;Kalp Harf Kolye — Gold
NBKP048;Gold Renk Kalın Kemik Model Küpe;Kalın Kemik Küpe
NBKP031;Gold Renk 925 Ayar Gümüş Çivi Küpe Seti;Çivi Küpe Set
NBY025-7;Vida Detaylı Taşlı Gold Renk Çelik Yüzük;Vida Yüzük
NBY002;Gold Renk Zirkon Taşlı Taç Model Yüzük;Taç Yüzük
NBY033-9;Kadın Gold Renk Paslanmaz Çelik Yüzük;Yüzük — Gold
NBK029;Çelik Sevgili Figür Kolye Gold 45cm;Sevgili Kolye — Gold
NBK026;Çelik Sevgili Figür Kolye Silver 45cm;Sevgili Kolye — Silver
NBY003;Gold Renk Vintage Model Yüzük;Vintage Yüzük
NBB104;Kelebek Figürlü Charm Tasarımlı Bileklik;Kelebek Charm Bileklik
NBK166-10;Kalp Detaylı Gold Renk Çelik Harf Kolye;Kalp Harf Kolye — Gold
NBKP027-3;316L Çelik Gold Renk Harf Model Küpe;Harf Küpe
NBKP027-2;316L Çelik Gold Renk Harf Model Küpe;Harf Küpe
NBK166-11;Kalp Detaylı Gold Renk Çelik Harf Kolye;Kalp Harf Kolye — Gold
NBKP067;Gold Renk İşlemeli Daire Plaka Küpe;Daire Plaka Küpe
NBGP006;Zirkon Taşlı Sallantılı Çiçek Model Çelik Göbek Piercing;Sallantılı Çiçek Piercing
NBKP027-14;316L Çelik Gold Renk Harf Model Küpe;Harf Küpe
NBGP008;Zirkon Taşlı Minimal Çiçek Figürlü Çelik Göbek Piercing;Minimal Çiçek Piercing
NBKP025;316L Çelik Gümüş Siyah Renk 3 Boy Yonca Figürlü Küpe Seti;Yonca Küpe Set — Silver
NBK166-12;Kalp Detaylı Gold Renk Çelik Harf Kolye;Kalp Harf Kolye — Gold
NBB034;Erkek Çelik Bileklik 19 cm;Erkek Bileklik
NBB119;Yaz & Deniz Temalı Yunus, Deniz Kabuğu İnci Figürlü Gold Bileklik;Yaz Temalı Bileklik — Gold
NBK099;Zirkon Taşlı Kolye Silver;Kolye — Silver
NBKP041;Pirinç Gold Renk Zirkon Taşlı Yıldız Model Kadın Kıkırdak Küpe;Yıldız Kıkırdak Küpe
NBK054;316L Çelik Gold Renk Zincir Pembe Mineli Çiçek İşlemli İnci Detay Portre Model Kolye;Zincir Çiçek Kolye
NBKP103;Yengeç Figürlü Deniz Kabuğu Detaylı Sallantılı Küpe;Yengeç Deniz Kabuğu Küpe
NBKP055;Gold Renk Vintage Büyük Küpe;Büyük Vintage Küpe — Gold
NBK094;Çelik Kolye Silver 45cm;Kolye 45 cm — Silver
NBK070;Zirkon Taşlı Güneş Ve Ay Model Gümüş Renk Çelik Kolye;Güneş Ay Kolye
NBKP083;Bordo Renk Vintage Tasarımlı Büyük Kadın Küpe;Büyük Bordo Vintage Küpe
NBK032;Erkek Çelik Kolye (60cm);Erkek Kolye
NBB048-1;Çiçek Model Asansörlü Gold Renk Bileklik;Çiçek Asansörlü Bileklik
NBKP029;Damla Model Gold Renk Zirkon Taşlı Küpe;Damla Küpe
NBK110;Çelik Siyah Dört Yaprak Figürlü Kolye;Dört Yaprak Kolye — Siyah
NBK053;316L Çelik Gold Renk Zincir Mavi Mineli Çiçek İşlemeli İnci Detay Portre Model Kolye;Zincir Çiçek Kolye
NBB105;Romantik Pembe Kalp & İnci Detaylı Sallantılı Bileklik;Kalp İnci Bileklik — Pembe
NBB083;Samanyolu Figürlü Çelik Bileklik Gold;Samanyolu Bileklik
NBB115;Taşlı Çiçek Figürlü Çelik Bileklik;Çiçek Bileklik
NBK092;Çelik Kolye Silver 45 cm;Kolye 45 cm — Silver
NBKP105;Oversize Çiçek Tasarımlı Çelik Küpe;Oversize Çiçek Küpe
NBKP061;Gold Renk Zirkon Taşlı Halka Kalp Detaylı 3 Çift Küpe Seti;Halka Kalp Set
NBK165-5;Balon Gümüş Renk Çelik Harf Kolye;Balon Harf Kolye — Silver
NBKP027-4;316L Çelik Gold Renk Harf Model Küpe;Harf Küpe
NBK113;Çelik Beyaz Küçük Dört Yaprak Figürlü Kolye Silver;Küçük Dört Yaprak Kolye
NBK166-16;Kalp Detaylı Gold Renk Çelik Harf Kolye;Kalp Harf Kolye — Gold
NBK167-14;Kalp Detaylı Gümüş Renk Çelik Harf Kolye;Kalp Harf Kolye — Silver
NBH008;Göz Figürlü Beyaz Boncuklu Yazlık Halhal;Göz Beyaz Halhal
NBKP033;Gold Renk Zirkon Taşlı 925 Ayar Gümüş Çivi Küpe Seti;Çivi Küpe Set
NBKP094;Bordo Detaylı Vintage Zarif Küpe;Bordo Vintage Küpe
NBKP085;Modern Vintage Taş Tasarım Küpe;Vintage Küpe
NBB128;Arı ve Çiçek Detaylı Zirkon Taşlı Charm Model Kadın bileklik;Arı Çiçek Bileklik
NBB084;VIP Kaplama Bileklik Gold;VIP Bileklik
NBY029;Kelebek Detaylı Gold Çoklu Yüzük Seti;Çoklu Kelebek Yüzük Set
NBK140;Erkek Çelik Kolye 60 cm;Erkek Kolye
NBKP008;Çelik Üçlü Yuvarlak Küpe Silver;Üçlü Yuvarlak Küpe
NBK030;Couple Sevgili Çift Çelik Kolye 45cm;Couple Sevgili Kolye
NBKP027-6;316L Çelik Gold Renk Harf Model Küpe;Harf Küpe
NBK128;Çelik Kolye Silver;Kolye — Silver
NBKP021;Kutup Yıldızı Figürlü Gold Renk Zirkon Taşlı Küpe;Kutup Yıldızı Küpe
NBK170-1;Gold Renk Zirkon Taşlı Melek ve Çocuk Figürlü Sallantılı Kadın Çelik Kolye;Melek Çocuk Kolye
NBK164-3;Balon Gold Renk Çelik Harf Kolye;Balon Harf Kolye — Gold
NBK166-7;Kalp Detaylı Gold Renk Çelik Harf Kolye;Kalp Harf Kolye — Gold
NBKP027-15;316L Çelik Gold Renk Harf Model Küpe;Harf Küpe
NBK078;Zirkon Taşlı 7 Element Figürlü Y Kolye;Element Y Kolye
NBKP027-8;316L Çelik Gold Renk Harf Model Küpe;Harf Küpe
NBK035;Erkek Çelik Kolye Silver 60cm;Erkek Kolye
NBK167-1;Kalp Detaylı Gümüş Renk Çelik Harf Kolye;Kalp Harf Kolye — Silver
NBK165-2;Balon Gümüş Renk Çelik Harf Kolye;Balon Harf Kolye — Silver
NBB136;Yıldız Yonca Kelebek Temalı Charm Tasarımlı Gümüş Kadın Bileklik;Yıldız Yonca Bileklik
NBK152;316L Çelik Gold Renk Zincir Kilit Figürlü İnci Detaylı Kadın Kolye;Zincir Kilit Kolye
NBK200;Mektup Ve Tüy Charm Uçlu Çelik Kadın Kolye;Mektup Tüy Kolye
NBKP070;Çelik Siyah Renk Sıkıştırmalı Erkek Küpe;Erkek Siyah Sıkıştırmalı Küpe
NBK201;Mektup Ve Tüy Charm Uçlu Çelik Kadın Kolye;Mektup Tüy Kolye
NBK197;Altın Renk Güneş ve Ay Figürlü Charm Zincir Çelik Kolye;Güneş Ay Kolye
NBB012;Çelik Burgu Model Bileklik 1 mm;Burgu Bileklik
NBKP035;Zirkon Taşlı 3’lü Halka Figürlü Gold Renk Küpe;Lü Halka Küpe
NBKP053;Vintage Model Gold Renk Küpe;Vintage Küpe
NBB134;Yaz Esintisi Deniz Temalı Charm Tasarımlı Bileklik;Yaz Esintisi Bileklik
NBB097;Romantik Beyaz Kalp & İnci Detaylı Sallantılı Bileklik;Kalp İnci Bileklik — Beyaz
NBY015;Zirkon Taşlı Pembe Kalp Model Gold Renk Yüzük;Pembe Kalp Yüzük
NBK018;Çelik Kolye 45 cm Silver;Kolye 45 cm
NBKP071;Çelik Küpe Silver;Küpe — Silver
NBK165-8;Balon Gümüş Renk Çelik Harf Kolye;Balon Harf Kolye — Silver
NBB0100;Pembe Renk Detaylı Mineli Kelepçe;Pembe Kelepçe
NBY025-8;Vida Detaylı Taşlı Gold Renk Çelik Yüzük;Vida Yüzük
NBKP007;Çelik Üçlü Küpe Gold;Üçlü Küpe
NBK165-4;Balon Gümüş Renk Çelik Harf Kolye;Balon Harf Kolye — Silver
NBB089;Çelik Gold Renk Simli Kadın Bileklik;Simli Bileklik
NBK164-2;Balon Gold Renk Çelik Harf Kolye;Balon Harf Kolye — Gold
NBKP057;Kaburga Model Zirkon Taşlı Küpe;Kaburga Küpe
NBY032;Minimal Gold Çoklu Ayarlanabilir Çelik Yüzük;Çoklu Minimal Yüzük
NBB120;Luxury Yıldız Charm Detaylı Bileklik;Yıldız Charm Bileklik
NBKP006;Çelik Halka Küpe Silver Büyük;Büyük Halka Küpe
NBGP009;Zirkon Taşlı Yusufcuk Figürlü Çelik Göbek Piercing;Yusufcuk Göbek Piercing
NBK151;Atatürk İmza Figürlü Silver Renk Çelik Kadın Kolye;Atatürk İmza Kolye
NBB051-1;Zirkon Taşlı Kelebek Model Gümüş Renk Bileklik;Kelebek Bileklik
NBK196;Deniz Temalı Sallantılı Y model Charm Zirkon Taşlı Çelik Kolye;Deniz Temalı Kolye
NBK040;Erkek Çelik Kolye Silver 60cm;Erkek Kolye
NBK167-6;Kalp Detaylı Gümüş Renk Çelik Harf Kolye;Kalp Harf Kolye — Silver
NBK093;Çelik Kolye 45cm;Kolye 45 cm
NBKP076;Mineli Karışık Renkli Gold Renk Kadın Küpe;Karışık Küpe
NBK051;316L Çelik Gold Renk Zincir Mor Mineli Çiçek İşlemeli Zirkon Taşlı Kelebek Detay Portre Model Kolye;Zincir Çiçek Kolye
NBK167-9;Kalp Detaylı Gümüş Renk Çelik Harf Kolye;Kalp Harf Kolye — Silver
NBB127;Arı ve Çiçek Detaylı Zirkon Taşlı Charm Model Kadın bileklik;Arı Çiçek Bileklik
NBKP012;Çelik Tragus Küpe Silver;Tragus Küpe
NBB020;Çelik Charm Bileklik;Charm Bileklik
NBKP091-;Kare Form Mineli Gold Renk Kadın Küpe;Kare Küpe
NBKP102;Siyah Taş Detaylı Altın Renk Oval Vintage Küpe;Siyah Oval Küpe
NBKP026;316L Çelik Gold Siyah Renk 3 Boy Yonca Figürlü Küpe Seti;Yonca Küpe Set — Gold
NBGP003;Zirkon Taşlı Kuzey Yıldızı Figürlü Çelik Göbek Piercing;Kuzey Yıldızı Piercing
Nbgp001;Zirkon Taşlı Aslan Figürlü Çelik Göbek Piercing;Aslan Göbek Piercing
NBK036;Erkek Çelik Kolye Silver 60cm;Erkek Kolye
NBB003;Çelik Bileklik Gold 60mm;Bileklik 60 mm
NBK069;Gümüş Renk Zincir Zirkon Taşlı Kedi Figürlü Çelik Kadın Kolye;Zincir Kedi Kolye
NBKP027-13;316L Çelik Gold Renk Harf Model Küpe;Harf Küpe
NBK025;Çelik Sevgili Sarılan Kolye 45cm;Sevgili Sarılan Kolye
NBK019;Çelik Tarot Kolye 45cm;Tarot Kolye
NBK167-7;Kalp Detaylı Gümüş Renk Çelik Harf Kolye;Kalp Harf Kolye — Silver
NBB098;Romantik Beyaz Kalp & İnci Detaylı Sallantılı Bileklik;Kalp İnci Bileklik — Beyaz
NBK164-6;Balon Gold Renk Çelik Harf Kolye;Balon Harf Kolye — Gold
NBB130;Hilal Ve Ananas Charm Detaylı Zirkon Taşlı Kadın Bileklik;Hilal Ananas Bileklik
NBKP090;Kare Form Mineli Gold Renk Kadın Küpe;Kare Küpe
NBKP098;Vintage Görünümlü Şık Kadın Küpe;Vintage Görünümlü Küpe
NBK199;Beyaz Deniz Kabuğu Boncuklu Gold Renk Kadın Kolye;Beyaz Deniz Kabuğu Kolye
NBH002;Denizkızı Kuyruğu Figürlü Boncuklu Yazlık Halhal;Denizkızı Kuyruğu Halhal
NBB066-1;316L Çelik Gümüş Renk Kalp İşlemeli Charm Bileklik;Kalp Charm Bileklik
NBY033-7;Kadın Gold Renk Paslanmaz Çelik Yüzük;Yüzük — Gold
NBGP014;Zirkon Taşlı Sallantılı Kelebek ve Yıldız Model Çelik Göbek Piercing;Kelebek Yıldız Piercing
NBGP005;Zirkon Taşlı Sallantılı Kelebek Figürlü Çelik Göbek Piercing;Sallantılı Kelebek Piercing
NBB126;Zirkon Taşlı Yıldız Yonca Ve Kelebek Detaylı Charm Kadın Bileklik;Yıldız Yonca Bileklik
NBGP012;Zirkon Taşlı Kalp Figürlü Çelik Göbek Piercing;Kalp Göbek Piercing
NBB117;Pembe Beyaz Zirkon Taşlı Gold Renk Bileklik;Pembe Beyaz Bileklik
NBY033-8;Kadın Gold Renk Paslanmaz Çelik Yüzük;Yüzük — Gold
NBKP015;Çelik Tragus Küpe Silver;Tragus Küpe
NBK167-2;Kalp Detaylı Gümüş Renk Çelik Harf Kolye;Kalp Harf Kolye — Silver
NBKP027-11;316L Çelik Gold Renk Harf Model Küpe;Harf Küpe
NBY017;Gümüş Renk Zirkon Taşlı Kalp Model Ayarlanabilir Yüzük;Kalp Yüzük
NBKP022;Gold Renk Sallantılı Küpe;Sallantılı Küpe
NBB138;Yaz Esintisi Deniz Temalı Gold Renk Charm Tasarımlı Kadın Bileklik;Yaz Esintisi Bileklik
NBK195;Yıldız Ve Kalp Detaylı Çelik Gold Kolye;Yıldız Kalp Kolye
NBGP015;Zirkon Taşlı Sallantılı Büyük Kelebek Model Çelik Göbek Piercing;Büyük Sallantılı Kelebek Piercing
NBKP049;316L Çelik Gold Renk Küpe Seti;Küpe Set
nbkp093;316L Çelik Beyaz Renk 3 Boy Yonca Figürlü Küpe Seti;Yonca Küpe Set
NBKP013;Çelik Tragus Küpe Silver;Tragus Küpe
NBKP107;Leopar Desenli Gold Renk Kare Sallantılı Çelik Kadın Küpe;Leopar Desenli Küpe
NBH004;Mavi Balık Figürlü Pastel Boncuklu Yazlık Halhal;Balık Pastel Halhal
NB004;Çelik Kelepçe Gold;Kelepçe — Gold
NBB132;Zirkon Taş Detaylı Damla Figürlü Gold Renk Charm Kadın Bileklik;Damla Charm Bileklik
NBB026;Erkek Çelik Bileklik 19 cm;Erkek Bileklik
NBH007;Mavi Balık Figürlü Pastel Boncuklu Yazlık Halhal;Balık Pastel Halhal
NBGP007;Zirkon Taşlı Kar Tanesi Figürlü Çelik Göbek Piercing;Kar Tanesi Piercing
NBK044;Gold Renk Zirkon Taşlı Yıldız Figürlü Y Model Sallantılı Kadın Çelik Kolye;Yıldız Y Kolye
NBK058;316L Çelik Gold Renk Zincir Mineli Oval İncili Çiçek İşlemeli Portre Model Kolye;Zincir Çiçek Kolye
NBGP013;Zirkon Taşlı Sallantılı Yıldız Model Çelik Göbek Piercing;Sallantılı Yıldız Piercing
NBK100;Çelik Kolye Gold 45cm;Kolye 45 cm — Gold
NBB024;Çelik Bileklik Gold Ayetel Kürsi Yazılı;Ayetel Kürsi Bileklik — Gold
NBK101;Zirkon Taşlı Kolye Gold 45 cm;Kolye 45 cm — Gold
NBK166-13;Kalp Detaylı Gold Renk Çelik Harf Kolye;Kalp Harf Kolye — Gold
NBKP009;Çelik Üçlü Yuvarlak Küpe;Üçlü Yuvarlak Küpe
NBY027;Aurelia Gold Kaplama Minimal Kadın Yüzük Ayarlanabilir Zarif Tasarım;Aurelia Minimal Yüzük — Gold
NBKP058;316L Çelik Gümüş Renk Sıkıştırmalı Erkek Küpe;Erkek Sıkıştırmalı Küpe
NBGP017;Zirkon Taşlı Zarif Çiçek Model Çelik Göbek Piercing;Çiçek Göbek Piercing
NBB016;Çelik Bileklik Gold;Bileklik — Gold
NBKP087;Modern Vintage Taş Tasarım Küpe;Vintage Küpe
NBK055;316L Çelik Gold Renk Zincir Mix Renk Çiçek İşlemeli Zirkon Taş Detaylı Portre Model Kolye;Zincir Mix Kolye
NBKP038;Pirinç Halka Model Gold Renk Sağ Kıkırdak Küpe;Halka Sağ Küpe
NBH003;Deniz yıldızı Figürlü Boncuklu Yazlık Halhal;Deniz Yıldızı Boncuklu Halhal
NBKP081;Modern Sarmal Halka Tasarımlı Gold Renk Kadın Küpe;Sarmal Halka Küpe
NBB006;Çelik Bileklik Gold;Bileklik — Gold
NBB032;Erkek Çelik Bileklik 19 cm;Erkek Bileklik
NBK096;Çelik Kolye Silver 45cm;Kolye 45 cm — Silver
NBK165-3;Balon Gümüş Renk Çelik Harf Kolye;Balon Harf Kolye — Silver
NBY033-6;Kadın Gold Renk Paslanmaz Çelik Yüzük;Yüzük — Gold
NBK081;Kanatlı Kalp Model Zirkon Taş Detay Çelik Kolye;Kanatlı Kalp Kolye
NBY021;Gümüş Renk Zirkon Taşlı Kalp Model Charm Yüzük;Kalp Charm Yüzük
NBY005;Sıralı Kalp Figürlü Zirkon Taşlı Gold Renk Ayarlanabilir Yüzük;Sıralı Kalp Yüzük
NBK073;Gümüş Renk Zirkon Taşlı Güneş Ve Ay Figürlü Kadın Çelik Kolye;Güneş Ay Kolye — Silver
NBB039;Erkek Çelik Bileklik 19 cm;Erkek Bileklik
NBK043;Külçe Kolye Gold 45cm;Külçe Kolye
NBK107;Çelik Kolye 45cm;Kolye 45 cm
NBK041;Külçe Çelik Kolye 45cm;Külçe Kolye
NBB107;Yılan Figürlü Charm Tasarımlı Kadın Bileklik;Yılan Charm Bileklik
NBB125;Zirkon Taşlı Yıldız Yonca Ve Kelebek Detaylı Charm Kadın Bileklik;Yıldız Yonca Bileklik
NBK102;Zirkon Taşlı Kolye Silver 45 cm;Kolye 45 cm — Silver
NBH006;Deniz Kabuğu Detaylı Boncuklu Yazlık Halhal;Deniz Kabuğu Boncuklu Halhal
NBKP064;Gold Renk Sallantı Leopar Kalp Model Küpe;Leopar Kalp Küpe
NBB087;Çelik Bileklik Gold;Bileklik — Gold
NBK166-15;Kalp Detaylı Gold Renk Çelik Harf Kolye;Kalp Harf Kolye — Gold
NBK165-14;Balon Gümüş Renk Çelik Harf Kolye;Balon Harf Kolye — Silver
NBB081;VIP Kaplama Şahmeran Gold;VIP Şahmeran
NBKP056;Mineli Karışık Renkli Gold Renk Küpe;Karışık Küpe
NBY030;Minimal Gold Çoklu Yüzük Seti 6'lı Kombin;Çoklu Yüzük Lı Set
NBKP014;Çelik Tragus Küpe Silver;Tragus Küpe
NBKP062;Pirinç Gold Renk Zirkon Taşlı 3’lü Sıralı Kıkırdak Küpe;Lü Sıralı Küpe
NBKP101;Altın Renk katmanlı Kıvrım Tasarım Küpe;Katmanlı Kıvrım Küpe
NBK071;316L Çelik Gold Renk 2'Li Simli Kelebek Model Kolye;Li Simli Kolye
NBK146;Erkek Çelik Kolye 60 cm;Erkek Kolye
NBK079;Renkli Zirkon Taşlı Gold Renk Y Kolye;Y Kolye
NBB106;Romantik Pembe Kalp & İnci Detaylı Sallantılı Bileklik;Kalp İnci Bileklik — Pembe
NBK143;Erkek Çelik Kolye 60 cm;Erkek Kolye
NBKP084;Modern Yıldız Tasarımlı Gold Renk Kadın Küpe;Yıldız Küpe
NBY025-6;Vida Detaylı Taşlı Gold Renk Çelik Yüzük;Vida Yüzük
NBKP011;Çelik Üçlü Yuvarlak Küpe;Üçlü Yuvarlak Küpe
NBKP052;316L Çelik Sallantılı Kilit Figürlü Gold Renk Küpe;Sallantılı Kilit Küpe
NBKP069;Gold Renk İşlemeli Plaka Kalp Model Küpe;Plaka Kalp Küpe
NBB103;Gold Renk Zincir Sallantılı Zirkon Taşlı Dört Yaprak Figürlü Kadın Bileklik;Zincir Dört Bileklik
NBKP030;Pirinç Gold Renk Zirkon Taşlı Kadın Küpe;Küpe — Gold
NBB113;Kelebek Figürlü Charm Tasarımlı Bileklik;Kelebek Charm Bileklik
NBK165-1;Balon Gümüş Renk Çelik Harf Kolye;Balon Harf Kolye — Silver
NBK164-12;Balon Gold Renk Çelik Harf Kolye;Balon Harf Kolye — Gold
NBB093;Gümüş Renk Zincir Sallantılı Zirkon Taşlı Dört Yaprak Figürlü Kadın Bileklik;Zincir Dört Bileklik
NBY024;Gold Renk Zirkon Taşlı Yüzük;Yüzük — Gold
NBKP046;Gold Renk İşlemeli Daire Halka Model Küpe Seti;Daire Halka Set
NBKP044;Gold Renk Bomba Kalp Model Küpe;Bomba Kalp Küpe
NBK024;Samanyolu Çelik Kolye Gold;Samanyolu Kolye
NBK105;Ay Yıldız Figürlü Zirkon Taşlı Kolye Gold 45 cm;Ay & Yıldız Kolye — Gold
NBK084;Zirkon Taşlı Kolye Silver 45 cm;Kolye 45 cm — Silver
NBB061;Gümüş Renk Parçalı Zincirli Şahmeran;Parçalı Zincirli
NBK124;Çelik Kolye Gold;Kolye — Gold
NBK165-12;Balon Gümüş Renk Çelik Harf Kolye;Balon Harf Kolye — Silver
NBK182;2’li İnci Zincir Kalp Figürlü Nazar Detaylı Kadın Çelik Kolye;Li İnci Kolye
NBK083;Zirkon Taşlı Kolye Gold 45 cm;Kolye 45 cm — Gold
NBK165-15;Balon Gümüş Renk Çelik Harf Kolye;Balon Harf Kolye — Silver
NBK160;316L Çelik Gold Renk Zincir Mor Mineli İncili Çiçek İşlemeli Madalyon Kolye;Zincir Çiçek Kolye
NBKP027-9;316L Çelik Gold Renk Harf Model Küpe;Harf Küpe
NBK091;Çelik Zirkon Kolye Silver 45 cm;Kolye 45 cm — Silver
NBK175-1;Gold Renk 2’li Simli Kelebek Figürlü Kadın Çelik Kolye;Li Simli Kolye
NBK164-15;Balon Gold Renk Çelik Harf Kolye;Balon Harf Kolye — Gold
NBK165-11;Balon Gümüş Renk Çelik Harf Kolye;Balon Harf Kolye — Silver
NBK016;Renkli Çelik Kolye Gold;Kolye — Gold
NBB069;Zirkon Taşlı Kelebek Model Gümüş Renk Şahmeran;Kelebek Şahmeran
NBB079;Çelik İnce İtalyan Model Bileklik Silver;İnce İtalyan Bileklik
NBK166-9;316L Çelik Kalp Detaylı Gold Renk Harf Kolye;Kalp Harf Kolye — Gold
NBY022;Gold Renk Kalp Model Zirkon Taş Yıldız Detay Yüzük;Kalp Yıldız Yüzük
NBK114;Çelik Siyah Dört Yaprak Figürlü Kolye Silver;Dört Yaprak Kolye — Silver
NBK033;Erkek Çelik Kolye Silver (60);Erkek Kolye
NBB030;Erkek Çelik Bileklik 19 cm;Erkek Bileklik
NBB035;Erkek Çelik Bileklik 19 cm;Erkek Bileklik
NBK164-11;Balon Gold Renk Çelik Harf Kolye;Balon Harf Kolye — Gold
NBK011;Gold Renk Asimetrik Zincir İnci Ve Damla Figürlü Kadın Çelik Kolye;Asimetrik Zincir Kolye
NBK166-2;Kalp Detaylı Gold Renk Çelik Harf Kolye;Kalp Harf Kolye — Gold
NBKP027-10;316L Çelik Gold Renk Harf Model Küpe;Harf Küpe
NBK167-5;Kalp Detaylı Gümüş Renk Çelik Harf Kolye;Kalp Harf Kolye — Silver
NBK164-8;Balon Gold Renk Çelik Harf Kolye;Balon Harf Kolye — Gold
NBY019;Gold Renk Papatya Model Zirkon Taş Detay Yüzük;Papatya Yüzük
NBB045;Gold Renk Ay ve Güneş Charmlı Bileklik;Ay Güneş Bileklik
NBK167-10;Kalp Detaylı Gümüş Renk Çelik Harf Kolye;Kalp Harf Kolye — Silver
NBK167-3;Kalp Detaylı Gümüş Renk Çelik Harf Kolye;Kalp Harf Kolye — Silver
NBB038;Erkek Çelik Bileklik 19 cm;Erkek Bileklik
NBY004;Çiçek Model Yeşil Gold Renk Yüzük;Çiçek Yeşil Yüzük
NBK028;Çelik Sevgili Çift Kolye 45cm;Sevgili Kolye
NBKP072;Çelik Küpe Gold;Küpe — Gold
NBB005;Zigzag Model Ajda Bilezik Gold 65 mm;Zigzag Ajda Bilezik
NBB037;Erkek Çelik Bileklik 19 cm;Erkek Bileklik
NBB064;316L Çelik Sıralı Yonca Figürlü Gold Renk Bileklik;Sıralı Yonca Bileklik
NBK166-4;Kalp Detaylı Gold Renk Çelik Harf Kolye;Kalp Harf Kolye — Gold
NBGP010;Zirkon Taşlı Sallantılı Kelebek Figürlü Çelik Göbek Piercing;Sallantılı Kelebek Piercing
NBB029;Erkek Çelik Bileklik 19 cm;Erkek Bileklik
NBB135;Yıldız Kalp Çiçek Yonca Charm Detaylı Gold Renk Kadın Bileklik;Yıldız Kalp Bileklik
NBB121;Luxury Yıldız Charm Detaylı Gold Bileklik;Yıldız Charm Bileklik
NBKP073;Çelik Küpe Silver;Küpe — Silver
NBB092;Gümüş Renk Zincir Sallantı Zirkon Taşlı Yıldız Detay Kadın Bileklik;Zincir Yıldız Bileklik
NBK021;Silver Renk Minimal Çelik Zincir Kolye;Minimal Zincir Kolye
NBK167-4;Kalp Detaylı Gümüş Renk Çelik Harf Kolye;Kalp Harf Kolye — Silver
NBK164-10;Balon Gold Renk Çelik Harf Kolye;Balon Harf Kolye — Gold
NBKP017;Çelik Tragus Küpe Silver;Tragus Küpe
NBK166-5;Kalp Detaylı Gold Renk Çelik Harf Kolye;Kalp Harf Kolye — Gold
NBK080;Gümüş Renk Kanatlı Kalp Figürlü Zirkon Taşlı Kadın Çelik Kolye;Kanatlı Kalp Kolye
NBB122;Yaz & Deniz Temalı Yunus, Deniz Kabuğu İnci Figürlü Silver Bileklik;Yaz Temalı Bileklik — Silver
NBK194;Vintage Ay Güneş Figürlü Zirkon Taşlı Gold Renk Kadın Kolye;Ay Güneş Kolye
NBB109;Kutup Yıldızı & Kalp Figürlü Şık Charm Kadın Bileklik;Kutup Yıldızı Bileklik
NBKP088;Vintage Görünümlü Şık Kadın Küpe;Vintage Görünümlü Küpe
NBKP077;Gold Renk Vintage Sarmal Tasarımlı Kadın Küpe;Vintage Sarmal Küpe
NBB108;Yılan Figürlü Charm Tasarımlı Kadın Bileklik;Yılan Charm Bileklik
NBB110;Kutup Yıldızı & Kalp Figürlü Şık Charm Kadın Bileklik;Kutup Yıldızı Bileklik
