kod;grup;eski_ad;onerilen_ad;dayanak
BKP018;Tragus Küpe;Tragus Küpe;Çengelli İğne Tragus Küpe;görsel: çengelli iğne formu, renkli taşlar
BKP017;Tragus Küpe;Tragus Küpe;Kedi Figürlü Tragus Küpe;görsel: mavi gözlü kedi figürü
BKP013;Tragus Küpe;Tragus Küpe;Zirkon Çiçek Tragus Küpe;görsel: beş yapraklı zirkon çiçek
BKP015;Tragus Küpe;Tragus Küpe;Kabartma Çiçek Tragus Küpe;görsel: yuvarlak kabartma çiçek rozeti
NBK160;Zincir Çiçek Kolye;Zincir Çiçek Kolye;Mor Mineli Yuvarlak Çiçek Kolye;görsel: yuvarlak mor mine
NBK057;Zincir Çiçek Kolye;Zincir Çiçek Kolye;Mor Mineli Oval Çiçek Kolye;görsel: oval mor mine
NBK058;Zincir Çiçek Kolye;Zincir Çiçek Kolye;Pembe Mineli Çiçek Kolye;görsel: pembe-şeftali mine
NBB038;Erkek Bileklik;Erkek Bileklik;Erkek Siyah İnce Zincir Bileklik;görsel: siyah ince zincir
NBB029;Erkek Bileklik;Erkek Bileklik;Erkek Gümüş Örgü Bileklik;görsel: gümüş örgü zincir
NBB030;Erkek Bileklik;Erkek Bileklik;Erkek Siyah Gurmet Bileklik;görsel: siyah kalın gurmet
NBK103;Kolye 45 cm — Gold;Kolye 45 cm — Gold;Zirkon Yaprak Kolye;görsel: mekik/yaprak zirkon uç
NBK101;Kolye 45 cm — Gold;Kolye 45 cm — Gold;Zirkon Damla Kolye;görsel: küçük zirkon damla uç
NBK104;Kolye 45 cm — Gold;Kolye 45 cm — Gold;Zirkon Yuvarlak Madalyon Kolye;görsel: yuvarlak zirkon madalyon
NBK093;Kolye 45 cm;Kolye 45 cm;İşlemeli Damla Kolye;görsel: işlemeli büyük damla uç
NBK107;Kolye 45 cm;Kolye 45 cm;Tek İnci Kolye;görsel: tek inci + yan taşlar
NBK018;Kolye 45 cm;Kolye 45 cm;Kalp Formlu Kolye;görsel: içi boş kalp konturu
NBK043;Külçe Kolye;Külçe Kolye;UYGULANMADI (eski ad korundu);26 Ağu: 3 bağımsız görsel incelemesi ayırt edemedi — aynı plaka, aynı zincir
NBK042;Külçe Kolye;Külçe Kolye;UYGULANMADI (eski ad korundu);26 Ağu: 3 bağımsız görsel incelemesi ayırt edemedi — aynı plaka, aynı zincir
NBK041;Külçe Kolye;Külçe Kolye;UYGULANMADI (eski ad korundu);26 Ağu: 3 bağımsız görsel incelemesi ayırt edemedi — aynı plaka, aynı zincir
BKP087;Vintage Küpe;Vintage Küpe;İnci Vintage Küpe;görsel: beyaz inci + gold halka
BKP085;Vintage Küpe;Vintage Küpe;Siyah Taşlı Vintage Küpe;görsel: siyah oval taş + gold halka
BKP053;Vintage Küpe;Vintage Küpe;Burgu Vintage Küpe;görsel: sade gold burgu form
NBK124;Kolye — Gold;Kolye — Gold;Yonca Çift Sıra Kolye;görsel: yonca ucu + inci, iki sıra
NBK015;Kolye — Gold;Kolye — Gold;Kelebek Turkuaz Kolye;görsel: kelebek + turkuaz taşlar
NBK012;Kolye — Gold;Kolye — Gold;İnci Kalp Kolye;görsel: inci sıra + kalp ucu
NBK128;Kolye — Silver;Kolye — Silver;Yılan Zincir Kolye;görsel: uçsuz düz yılan zincir
NBK099;Kolye — Silver;Kolye — Silver;Zirkon Madalyon Kolye;görsel: küçük yuvarlak zirkon madalyon
NBK014;Kolye — Silver;Kolye — Silver;Nazar Kalp Çift Sıra Kolye;görsel: nazar kalp + turkuaz, iki sıra
BKP106;Çiçek Küpe;Çiçek Küpe;Beş Yapraklı Çiçek Küpe;görsel: heykelsi beş yaprak
BKP019;Çiçek Küpe;Çiçek Küpe;Zirkon Ortalı Çiçek Küpe;görsel: dört yaprak, ortası zirkon
Y033-7;Yüzük — Gold;Yüzük — Gold;Düz Bant Yüzük;görsel: geniş düz bant
NBY024;Yüzük — Gold;Yüzük — Gold;Burgu Fiyonk Yüzük;görsel: ince burgu/fiyonk form
NBB138;Yaz Esintisi Bileklik;Yaz Esintisi Bileklik;Deniz Kabuğu Charm Bileklik;görsel: deniz kabuğu + denizyıldızı
NBB134;Yaz Esintisi Bileklik;Yaz Esintisi Bileklik;Güneş Yıldız Charm Bileklik;görsel: güneş + yıldız charm
BKP030;Küpe — Gold;Küpe — Gold;Siyah Taşlı Düğme Küpe;görsel: yuvarlak gold + siyah taş
BKP072;Küpe — Gold;Küpe — Gold;Kalın Halka Küpe;görsel: kalın gold halka
BKP080;Üçlü Küpe;Üçlü Küpe;Üç Sıra Halka Küpe;görsel: üç sıra kalın halka
BKP007;Üçlü Küpe;Üçlü Küpe;Dal Formlu Küpe;görsel: dal/yaprak figürü
NBK182;Li İnci Kolye;Li İnci Kolye;UYGULANMADI (İnci Kolye);26 Ağu: NBK082 ile AYNI üç fotoğraf, sıra farklı
NBK082;Li İnci Kolye;Li İnci Kolye;UYGULANMADI (İnci Kolye);26 Ağu: NBK182 ile AYNI üç fotoğraf, sıra farklı
NBK143;Erkek Kolye;Erkek Kolye;Erkek Burgu Zincir Kolye;görsel: burgu/halat örgü — NBK037 ile yakın, teyit iyi olur
NBK037;Erkek Kolye;Erkek Kolye;Erkek Örgü Zincir Kolye;görsel: yassı örgü — NBK143 ile yakın, teyit iyi olur
BKP073;Küpe — Silver;Küpe — Silver;Zirkon Halka Küpe;görsel: taşlı huggie halka
BKP071;Küpe — Silver;Küpe — Silver;Sallantılı Zirkon Küpe;görsel: sallantılı zirkon damla
NBK091;Kolye 45 cm — Silver;Kolye 45 cm — Silver;İşlemeli Oval Madalyon Kolye;görsel: oval işlemeli taşlı madalyon
NBK102;Kolye 45 cm — Silver;Kolye 45 cm — Silver;Hilal Tek Taş Kolye;görsel: hilal + tek zirkon
NBB015;Bileklik — Gold;Bileklik — Gold;Kelebek Mineli Çift Sıra Bileklik;görsel: kelebek + renkli mine, iki sıra
NBB019;Bileklik — Gold;Bileklik — Gold;Yıldız Charm Renkli Bileklik;görsel: renkli halka zincir + yıldız
BKP005;Büyük Halka Küpe;Büyük Halka Küpe;Gold Büyük Halka Küpe;görsel: gold ince büyük halka
BKP006;Büyük Halka Küpe;Büyük Halka Küpe;Silver Büyük Halka Küpe;görsel: silver ince büyük halka
KP091-;Kare Küpe;Kare Küpe;Bordo Mineli Kare Küpe;görsel: bordo taş + gold çerçeve
BKP090;Kare Küpe;Kare Küpe;Siyah Mineli Kare Küpe;görsel: siyah taş + gold çerçeve
BKP049;Küpe Set;Küpe Set;Üçlü Halka Küpe Seti;görsel: üç halka bir arada
BKP023;Küpe Set;Küpe Set;Kalp Halka Küpe Seti;görsel: kalp + halka ikilisi
NBB093;Zincir Dört Bileklik;Zincir Dört Bileklik;Silver Yıldız Charm Bileklik;görsel: silver zincir + yıldız/çiçek
NBB103;Zincir Dört Bileklik;Zincir Dört Bileklik;Gold Çiçek Charm Bileklik;görsel: gold zincir + çiçek/yıldız
NBK070;Güneş Ay Kolye;Güneş Ay Kolye;Silver Ay Yıldız Kolye;görsel: silver ince, ay + yıldız sallantı
NBK197;Güneş Ay Kolye;Güneş Ay Kolye;Gold Madalyon Güneş Kolye;görsel: gold büyük madalyon + güneş
BKP076;Karışık Küpe;Karışık Küpe;Turuncu Taşlı Küpe;görsel: turuncu/şeftali taş
BKP056;Karışık Küpe;Karışık Küpe;Renkli Baget Taşlı Küpe;görsel: renkli baget taş sırası
NBK020;Tarot Kolye;Tarot Kolye;Silver Tarot Kart Kolye;görsel: silver dikdörtgen tarot kartı
NBK013;Tarot Kolye;Tarot Kolye;Gold Tarot Kart Kolye;görsel: gold dikdörtgen tarot kartı
BKP033;Çivi Küpe Set;Çivi Küpe Set;Zirkon Taşlı Çivi Küpe Seti;görsel: gold + berrak zirkon
BKP031;Çivi Küpe Set;Çivi Küpe Set;Siyah Taşlı Çivi Küpe Seti;görsel: gold + siyah taş
K175-1;Li Simli Kolye;Li Simli Kolye;UYGULANMADI (Simli Kolye);26 Ağu: NBK071 ile iki fotoğraf BAYT DÜZEYİNDE aynı
NBK071;Li Simli Kolye;Li Simli Kolye;UYGULANMADI (Simli Kolye);26 Ağu: K175-1 ile iki fotoğraf BAYT DÜZEYİNDE aynı
BKP045;Damla Küpe;Damla Küpe;Dolgun Damla Küpe;görsel: düz dolgun damla
BKP029;Damla Küpe;Damla Küpe;Zirkon Taşlı Damla Küpe;görsel: damla + zirkon taş
NBB080;İnce İtalyan Bileklik;İnce İtalyan Bileklik;Gold İnce İtalyan Bileklik;görsel: gold yassı zincir
NBB079;İnce İtalyan Bileklik;İnce İtalyan Bileklik;Silver İnce İtalyan Bileklik;görsel: silver yassı zincir
